{"sections":{"d40a8a4f-6615-4e7c-baaf-ec05c3d9ec1e":{"type":"section-slideshow-v2","blocks":{"template--19677460660497__d40a8a4f-6615-4e7c-baaf-ec05c3d9ec1e-1688627487546eaf7c-0":{"type":"slideshow","settings":{"select_position_content":"right","img_slide":"shopify:\/\/shop_images\/s7.jpg","sub_title":"Style Perfectionist!","color_sub_title":"#ffffff","title_slide":"Basic Collection","color_title":"#ffffff","desc_slide":"Order online and have your products delivered<br>to your closest store for free","color_desc_slide":"#ffffff","btn_slide":"SHOP NOW","bg_color_block_button":"#ffffff","color_block_button":"#111111","bg_color_hover_button":"#f16e36","color_hover_text":"#ffffff","url_btn":"shopify:\/\/collections\/all"}}},"block_order":["template--19677460660497__d40a8a4f-6615-4e7c-baaf-ec05c3d9ec1e-1688627487546eaf7c-0"],"settings":{"margin_top":"","margin_bottom":""}},"5bfeb1fc-61b5-437d-85ec-3c4effe3a9fb":{"type":"section-banner-v9","settings":{"banner_img1":"shopify:\/\/shop_images\/ba10.jpg","title_banner1":"Women's shoes","sub_title1":"Up To 50%","button_banner1":"Shop Now","url_button_banner1":"shopify:\/\/collections\/all","banner_img2":"shopify:\/\/shop_images\/ba11.jpg","title_banner2":"Men's shoes","sub_title2":"Up To 30%","button_banner2":"Shop now","url_button_banner2":"shopify:\/\/collections\/all","banner_img3":"shopify:\/\/shop_images\/ba9.jpg","title_banner3":"Basic Collection","sub_title3":"Up To 40%","button_banner3":"Shop now","color_btn":"#111111","bg_btn":"#ffffff","bg_btn_hover":"#f16e36","color_btn_hover":"#ffffff","url_button_banner3":"shopify:\/\/collections\/all","margin_top":"30","margin_bottom":""}},"b65f5677-3d28-4a6a-a0c5-52d2217d22ae":{"type":"section-product-v3","settings":{"ena_container":false,"title_heading":"Best Seller","color_title":"#222222","sub_title":"Best Seller Product This Week!","color_sub_title":"#666666","select_collection":"frontpage","products_limit":8,"margin_top":"","margin_bottom":""}},"323c8d2d-6997-448c-ac57-0cc129c333c0":{"type":"section-video-v1","settings":{"video_bg":"shopify:\/\/shop_images\/ba8.jpg","section_video_url":"https:\/\/youtu.be\/cW8gPUpQDa4","margin_top":"","margin_bottom":""}},"b8a4bee5-e288-4a26-b9e5-e131737e806e":{"type":"section-product-v4","blocks":{"template--19677460660497__b8a4bee5-e288-4a26-b9e5-e131737e806e-168861207286cd7ccc-0":{"type":"collection","settings":{"block_title":"FEATURED PRODUCTS","select_collection":"frontpage","products_limit":3}},"template--19677460660497__b8a4bee5-e288-4a26-b9e5-e131737e806e-168861207286cd7ccc-1":{"type":"collection","settings":{"block_title":"TOP RATED PRODUCTS","select_collection":"new","products_limit":3}},"template--19677460660497__b8a4bee5-e288-4a26-b9e5-e131737e806e-168861207286cd7ccc-2":{"type":"collection","settings":{"block_title":"TOP SALE PRODUCTS","select_collection":"new-1","products_limit":3}}},"block_order":["template--19677460660497__b8a4bee5-e288-4a26-b9e5-e131737e806e-168861207286cd7ccc-0","template--19677460660497__b8a4bee5-e288-4a26-b9e5-e131737e806e-168861207286cd7ccc-1","template--19677460660497__b8a4bee5-e288-4a26-b9e5-e131737e806e-168861207286cd7ccc-2"],"settings":{"margin_top":"","margin_bottom":""}},"6080524c-6271-442f-afd8-e067d94006d9":{"type":"section-newsletter-v1","settings":{"select_style":"style_3","select_width":"full","style_bg":"image","bg_color":"#f2f2f2","img_banner":"shopify:\/\/shop_images\/ba18.png","bg_color_newletter":"","bg_color_inputnewletter":"#ededed","border_color_newletter":"#f16e36","url_banner":"shopify:\/\/collections\/all","title_newletter":"GET UPDATE","color_title":"","content_newletter":"Subscribe our newsletter and get<br>discount 30% off","color_content":"","margin_top":"","margin_bottom":""}},"50e947f4-1c08-4737-9766-45a76528cbc4":{"type":"section-instagram-v4","settings":{"title_content":"Shop INSTAGRAM","subtitle":"@keiton on instagram.","ins_userid":"","ins_access_token":"3672948962.0f64772.430edb7f711e4665b59777c54d1ed9ce","ins_limit_number":"6","margin_top":"","margin_bottom":""}}},"order":["d40a8a4f-6615-4e7c-baaf-ec05c3d9ec1e","5bfeb1fc-61b5-437d-85ec-3c4effe3a9fb","b65f5677-3d28-4a6a-a0c5-52d2217d22ae","323c8d2d-6997-448c-ac57-0cc129c333c0","b8a4bee5-e288-4a26-b9e5-e131737e806e","6080524c-6271-442f-afd8-e067d94006d9","50e947f4-1c08-4737-9766-45a76528cbc4"]}