{"sections":{"b7430771-ad9c-43ee-b9fa-642f77f1be41":{"type":"section-slideshow-v1","blocks":{"template--19264331153694__b7430771-ad9c-43ee-b9fa-642f77f1be41-1685954787eaa08ef4-1":{"type":"slideshow","settings":{"select_position_content":"right","select_textalign_content":"left","bg_slider":"shopify:\/\/shop_images\/s1.jpg","block_subtitle":"Sports Shoes","color_subtitle":"#000000","font_size_subtitle":20,"fonts_subtitle":"","effect_subtitle":"bounce","block_title":"men's sports <br>shoes","font_size_title":70,"fonts_title":"","effect_title":"bounce","color_title":"#000000","block_buton":"Shop now","block_url":"shopify:\/\/collections\/all","font_size_button":14,"fonts_button":"","effect_button":"bounce","color_block_button":"#ffffff","bg_color_block_button":"#000000","color_block_button_hover":"#ffffff","bg_color_block_button_hover":"#f16e36"}},"template--19264331153694__b7430771-ad9c-43ee-b9fa-642f77f1be41-1685954787eaa08ef4-0":{"type":"slideshow","settings":{"select_position_content":"left","select_textalign_content":"left","bg_slider":"shopify:\/\/shop_images\/s2.jpg","block_subtitle":"Sports Shoes","color_subtitle":"#ffffff","font_size_subtitle":20,"fonts_subtitle":"","effect_subtitle":"bounce","block_title":"Women's sports<br> shoes","font_size_title":70,"fonts_title":"","effect_title":"bounce","color_title":"#ffffff","block_buton":"Shop now","block_url":"shopify:\/\/collections\/all","font_size_button":14,"fonts_button":"","effect_button":"bounce","color_block_button":"#000000","bg_color_block_button":"#ffffff","color_block_button_hover":"#ffffff","bg_color_block_button_hover":"#f16e36"}}},"block_order":["template--19264331153694__b7430771-ad9c-43ee-b9fa-642f77f1be41-1685954787eaa08ef4-1","template--19264331153694__b7430771-ad9c-43ee-b9fa-642f77f1be41-1685954787eaa08ef4-0"],"settings":{"color_arrows":"#ffffff","margin_top":"","margin_bottom":""}},"0d899311-45ea-482e-b51a-e53ec4232c6f":{"type":"section-banner-v1","settings":{"title_banner1":"EXPLORE OUR STORE","color_title1":"#000000","sub_banner1":"INNOVATION & CONFORT.","color_sub1":"#000000","banner_img1":"shopify:\/\/shop_images\/ba3.jpg","button_banner1":"sport shoes","url_button_banner1":"shopify:\/\/collections\/all","banner_img2":"shopify:\/\/shop_images\/ba5.jpg","button_banner2":"sport shoes","url_button_banner2":"shopify:\/\/collections\/all","banner_img3":"shopify:\/\/shop_images\/ba4.jpg","button_banner3":"sport shoes","url_button_banner3":"shopify:\/\/collections\/all","color_btn":"#111111","color_btn_hover":"#f16e36","margin_top":"","margin_bottom":""}},"36f1cfb2-f3a0-4d59-8e71-2957774197d0":{"type":"section-product-v6","settings":{"section_layout":"banner_left","title_heading":"Best Seller","color_title":"#222222","sub-title1":"Discover other related fashion products","img_banner1":"shopify:\/\/shop_images\/ba2.jpg","url_button1":"shopify:\/\/collections\/all","select_collection":"new","products_limit":4,"margin_top":"","margin_bottom":""}},"5c048f73-5b0e-47f1-acdd-537778de9b55":{"type":"section-testimonial-v1","blocks":{"template--19677460660497__5c048f73-5b0e-47f1-acdd-537778de9b55-1688436983c0ab6315-0":{"type":"testimonial","settings":{"block_img":"shopify:\/\/shop_images\/3_55962fd5-0364-4880-ae2b-a8a6724e190c.jpg","block_content":"Saved our business! We have no regrets! Thanks for the great service. Flani is worth much more than I paid Saved our business! We have no regrets! Thanks for the great service. Flani is worth much more!","color_content":"","block_name":"DESTINEE","color_name":"","block_des":"Marketing Personal","color_des":"","color_quote":"#ffffff"}},"template--19677460660497__5c048f73-5b0e-47f1-acdd-537778de9b55-1688436983c0ab6315-1":{"type":"testimonial","settings":{"block_img":"shopify:\/\/shop_images\/1_9dd7a935-2330-4f13-8c62-cb6d15563e6f.jpg","block_content":"Saved our business! We have no regrets! Thanks for the great service. Flani is worth much more than I paid Saved our business! We have no regrets! Thanks for the great service. Flani is worth much more!","color_content":"","block_name":"DESTINEE","color_name":"","block_des":"Marketing Personal","color_des":"","color_quote":"#ffffff"}},"template--19677460660497__5c048f73-5b0e-47f1-acdd-537778de9b55-1688436983c0ab6315-2":{"type":"testimonial","settings":{"block_img":"shopify:\/\/shop_images\/2_3e83ff86-95b4-4c10-a643-ea3e5ed9948e.jpg","block_content":"Saved our business! We have no regrets! Thanks for the great service. Flani is worth much more than I paid Saved our business! We have no regrets! Thanks for the great service. Flani is worth much more!","color_content":"","block_name":"DESTINEE","color_name":"","block_des":"Marketing Personal","color_des":"","color_quote":"#ffffff"}}},"block_order":["template--19677460660497__5c048f73-5b0e-47f1-acdd-537778de9b55-1688436983c0ab6315-0","template--19677460660497__5c048f73-5b0e-47f1-acdd-537778de9b55-1688436983c0ab6315-1","template--19677460660497__5c048f73-5b0e-47f1-acdd-537778de9b55-1688436983c0ab6315-2"],"settings":{"testimonial_bg":"shopify:\/\/shop_images\/ba1.jpg","title_heading":"Feedback","color_title_heading":"#c4f5ff","subtitle_heading":"Our Testimonial","color_subtitle_heading":"#ffdada","margin_top":"100","margin_bottom":""}},"7457f897-f006-4071-9cb4-7ae94db712b9":{"type":"section-product-v1","settings":{"ena_container":false,"title_heading":"Hot Deal","color_title":"#222","sub-title1":"Don't Miss Today's Featured Deals","select_collection":"new-1","products_limit":4,"margin_top":"","margin_bottom":""}},"42f406f5-2462-4764-ae1b-64d0da0e480c":{"type":"section-blog-v1","settings":{"margin_top":"","margin_bottom":"","section_title":"Our Blogs","color_title":"#222222","select_blog":"news","blogs_limit":3,"enable_category":true,"enable_date":true,"enable_title":true,"enable_excerpt":true,"ena_btn_readmore":true}}},"order":["b7430771-ad9c-43ee-b9fa-642f77f1be41","0d899311-45ea-482e-b51a-e53ec4232c6f","36f1cfb2-f3a0-4d59-8e71-2957774197d0","5c048f73-5b0e-47f1-acdd-537778de9b55","7457f897-f006-4071-9cb4-7ae94db712b9","42f406f5-2462-4764-ae1b-64d0da0e480c"]}