{"sections":{"2e7085e3-9044-42b3-b6d9-f1e214f43d37":{"type":"section-collection-v3","blocks":{"template--19677460660497__2e7085e3-9044-42b3-b6d9-f1e214f43d37-1688458999e0576f12-2":{"type":"colection","settings":{"img_item":"shopify:\/\/shop_images\/ba13.jpg","title":"sport shoes","name_url":"Discover collection","url_collection":"shopify:\/\/collections\/all"}},"template--19677460660497__2e7085e3-9044-42b3-b6d9-f1e214f43d37-1688458999e0576f12-0":{"type":"colection","settings":{"img_item":"shopify:\/\/shop_images\/ba12.jpg","title":"best shoes","name_url":"Discover collection","url_collection":"shopify:\/\/collections\/all"}},"template--19677460660497__2e7085e3-9044-42b3-b6d9-f1e214f43d37-1688458999e0576f12-1":{"type":"colection","settings":{"img_item":"shopify:\/\/shop_images\/ba14.jpg","title":"Basic Collection","name_url":"Discover collection","url_collection":"shopify:\/\/collections\/all"}}},"block_order":["template--19677460660497__2e7085e3-9044-42b3-b6d9-f1e214f43d37-1688458999e0576f12-2","template--19677460660497__2e7085e3-9044-42b3-b6d9-f1e214f43d37-1688458999e0576f12-0","template--19677460660497__2e7085e3-9044-42b3-b6d9-f1e214f43d37-1688458999e0576f12-1"],"settings":{"bg_section":"#f9f9f9","title_heading":"Featured Collections","color_title":"#ffffff","margin_top":"","margin_bottom":""}},"e2ca6684-3fa8-4d4b-8f4c-2258761c468d":{"type":"section-banner-v5","settings":{"ena_padding_top":true,"ena_container":true,"img_bg":"shopify:\/\/shop_images\/ba6.jpg","select_pos":"left","margin_top":"","margin_bottom":"","bg_banner":"#f2f2f2","title_banner":"the best durable sneakers","color_title":"#000000","sub_title_banner":"Morbi eget congue lectus. Donec eleifend ultricies urna et euismod. Sed consectetur tellus eget odio aliquet, vel vestibulum tellus sollicitudin. Morbi maximus metus eu eros tincidunt, vitae mollis ante imperdiet.","color_sub_title":"#000000","button_banner":"SHOP NOW","title_banner2":"PRODUCT DETAILS","sub_title_banner2":"<strong>Best For:<\/strong> Walking, traction, water-repellent protection","sub_title_banner3":"<strong>Super Soft Material:<\/strong> Warm and cozy premium ZQ Merino wool provides next-level comfort","sub_title_banner4":"<strong>Natural Innovation:<\/strong> Durable, water-repellent finish helps keep shoes from getting soggy","color_btn":"#ffffff","bg_btn":"#f16e36","bg_btn_hover":"#111111","color_btn_hover":"#ffffff","url_banner":"shopify:\/\/collections\/all","img_banner_right":"shopify:\/\/shop_images\/ba7.png"}},"5facf676-832e-427e-ace4-4b0bc62100c1":{"type":"section-product-v2","blocks":{"template--19677460660497__5facf676-832e-427e-ace4-4b0bc62100c1-168844717022728762-0":{"type":"tab","settings":{"tab_title":"NEW ARRIVALS","tab_collection":"frontpage","tab_limit":8}},"template--19677460660497__5facf676-832e-427e-ace4-4b0bc62100c1-168844717022728762-1":{"type":"tab","settings":{"tab_title":"BEST SELLERS","tab_collection":"new","tab_limit":8}},"template--19677460660497__5facf676-832e-427e-ace4-4b0bc62100c1-168844717022728762-2":{"type":"tab","settings":{"tab_title":"TOP RATES","tab_collection":"new-1","tab_limit":8}}},"block_order":["template--19677460660497__5facf676-832e-427e-ace4-4b0bc62100c1-168844717022728762-0","template--19677460660497__5facf676-832e-427e-ace4-4b0bc62100c1-168844717022728762-1","template--19677460660497__5facf676-832e-427e-ace4-4b0bc62100c1-168844717022728762-2"],"settings":{"margin_top":"","margin_bottom":"","title_heading":"Our Best Seller","color_title":"#222222"}},"323c8d2d-6997-448c-ac57-0cc129c333c0":{"type":"section-video-v1","settings":{"video_bg":"shopify:\/\/shop_images\/ba8.jpg","section_video_url":"https:\/\/youtu.be\/cW8gPUpQDa4","margin_top":"","margin_bottom":""}},"5bfeb1fc-61b5-437d-85ec-3c4effe3a9fb":{"type":"section-banner-v9","settings":{"banner_img1":"shopify:\/\/shop_images\/ba10.jpg","title_banner1":"Women's shoes","sub_title1":"Up To 50%","button_banner1":"Shop Now","url_button_banner1":"shopify:\/\/collections\/all","banner_img2":"shopify:\/\/shop_images\/ba11.jpg","title_banner2":"Men's shoes","sub_title2":"Up To 30%","button_banner2":"Shop now","url_button_banner2":"shopify:\/\/collections\/all","banner_img3":"shopify:\/\/shop_images\/ba9.jpg","title_banner3":"Basic Collection","sub_title3":"Up To 40%","button_banner3":"Shop now","color_btn":"#111111","bg_btn":"#ffffff","bg_btn_hover":"#f16e36","color_btn_hover":"#ffffff","url_button_banner3":"shopify:\/\/collections\/all","margin_top":"30","margin_bottom":""}},"02e6cac9-884b-42f0-a1c1-905b73889668":{"type":"section-product-v8","settings":{"title_heading":"DEALS OF THE DAY","color_title":"#000000","select_collection":"countdown","products_limit":2,"margin_top":"","margin_bottom":""}},"7b44651a-b1a1-44bd-b4b5-63db301bc71a":{"type":"section-newsletter-v1","settings":{"select_style":"style_1","select_width":"full","style_bg":"color","bg_color":"#d2eaff","bg_color_newletter":"","bg_color_inputnewletter":"","border_color_newletter":"#ffffff","url_banner":"shopify:\/\/collections\/all","title_newletter":"GET UPDATE","color_title":"","content_newletter":"Subscribe our newsletter and get<br>discount 30% off","color_content":"","margin_top":"","margin_bottom":""}}},"order":["2e7085e3-9044-42b3-b6d9-f1e214f43d37","e2ca6684-3fa8-4d4b-8f4c-2258761c468d","5facf676-832e-427e-ace4-4b0bc62100c1","323c8d2d-6997-448c-ac57-0cc129c333c0","5bfeb1fc-61b5-437d-85ec-3c4effe3a9fb","02e6cac9-884b-42f0-a1c1-905b73889668","7b44651a-b1a1-44bd-b4b5-63db301bc71a"]}