{"sections":{"3b584c87-ebed-4d94-98f8-6d13df6a5c0d":{"type":"section-slideshow-v4","blocks":{"template--19677460660497__3b584c87-ebed-4d94-98f8-6d13df6a5c0d-168862855552ac1637-0":{"type":"slideshow","settings":{"block_bg_image":"shopify:\/\/shop_images\/s8.jpg","select_textalign_content":"center","block_title":"NEW SHOES COLLECTION","color_block_title":"#ffffff","effect_title1":"bounce","block_desc":"Style in handcrafts, made by professionals for you","color_block_desc":"#ffffff","effect_title2":"bounce","block_buton":"Shop now","block_url":"shopify:\/\/collections\/all","effect_title3":"bounce","color_button":"#000000","bg_color_button":"#ffffff","color_button_hover":"#ffffff","bg_color_button_hover":"#f16e36"}},"template--19677460660497__3b584c87-ebed-4d94-98f8-6d13df6a5c0d-168862855552ac1637-1":{"type":"slideshow","settings":{"block_bg_image":"shopify:\/\/shop_images\/s9.jpg","select_textalign_content":"center","block_title":"NEW SHOES COLLECTION","color_block_title":"#ffffff","effect_title1":"bounce","block_desc":"Style in handcrafts, made by professionals for you","color_block_desc":"#ffffff","effect_title2":"bounce","block_buton":"Shop now","block_url":"shopify:\/\/collections\/all","effect_title3":"bounce","color_button":"#000000","bg_color_button":"#ffffff","color_button_hover":"#ffffff","bg_color_button_hover":"#f16e36"}}},"block_order":["template--19677460660497__3b584c87-ebed-4d94-98f8-6d13df6a5c0d-168862855552ac1637-0","template--19677460660497__3b584c87-ebed-4d94-98f8-6d13df6a5c0d-168862855552ac1637-1"],"settings":{"margin_top":"","margin_bottom":""}},"02e6cac9-884b-42f0-a1c1-905b73889668":{"type":"section-product-v8","settings":{"title_heading":"DEALS OF THE DAY","color_title":"#000000","select_collection":"countdown","products_limit":2,"margin_top":"","margin_bottom":""}},"0d899311-45ea-482e-b51a-e53ec4232c6f":{"type":"section-banner-v1","settings":{"title_banner1":"EXPLORE OUR STORE","color_title1":"#000000","sub_banner1":"INNOVATION & CONFORT.","color_sub1":"#000000","banner_img1":"shopify:\/\/shop_images\/ba3.jpg","button_banner1":"sport shoes","url_button_banner1":"shopify:\/\/collections\/all","banner_img2":"shopify:\/\/shop_images\/ba5.jpg","button_banner2":"sport shoes","url_button_banner2":"shopify:\/\/collections\/all","banner_img3":"shopify:\/\/shop_images\/ba4.jpg","button_banner3":"sport shoes","url_button_banner3":"shopify:\/\/collections\/all","color_btn":"#111111","color_btn_hover":"#f16e36","margin_top":"","margin_bottom":""}},"3d314915-6216-48e0-97a8-08778a417f01":{"type":"section-product-v3","settings":{"ena_container":false,"title_heading":"Best Seller","color_title":"#222222","sub_title":"Best Seller Product This Week!","color_sub_title":"#666666","select_collection":"frontpage","products_limit":12,"margin_top":"","margin_bottom":""}},"7b44651a-b1a1-44bd-b4b5-63db301bc71a":{"type":"section-newsletter-v1","settings":{"select_style":"style_1","select_width":"full","style_bg":"color","bg_color":"#d2eaff","bg_color_newletter":"","bg_color_inputnewletter":"","border_color_newletter":"#ffffff","url_banner":"shopify:\/\/collections\/all","title_newletter":"GET UPDATE","color_title":"","content_newletter":"Subscribe our newsletter and get<br>discount 30% off","color_content":"","margin_top":"","margin_bottom":""}},"487ea4dd-acfd-4893-93e5-65b21281f3fe":{"type":"section-blog-v3","settings":{"ena_container":false,"section_title":"Our Blog","color_title":"#111111","select_blog":"news","blogs_limit":2,"enable_description":true,"button_name":"Read More","margin_top":"","margin_bottom":""}}},"order":["3b584c87-ebed-4d94-98f8-6d13df6a5c0d","02e6cac9-884b-42f0-a1c1-905b73889668","0d899311-45ea-482e-b51a-e53ec4232c6f","3d314915-6216-48e0-97a8-08778a417f01","7b44651a-b1a1-44bd-b4b5-63db301bc71a","487ea4dd-acfd-4893-93e5-65b21281f3fe"]}