{"sections":{"7a84b7ff-b551-4993-a172-f74f3f80508d":{"type":"section-collection-v1","blocks":{"template--19677460660497__7a84b7ff-b551-4993-a172-f74f3f80508d-168852298306017626-0":{"type":"colection","settings":{"img_banner":"shopify:\/\/shop_images\/s3.jpg","title_banner":"Hiking Shoes","color_title":"#ffffff","color_title_hover":"#111111","url_banner":"shopify:\/\/collections\/all"}},"template--19677460660497__7a84b7ff-b551-4993-a172-f74f3f80508d-168852298306017626-1":{"type":"colection","settings":{"img_banner":"shopify:\/\/shop_images\/s4.jpg","title_banner":"Women's Shoes","color_title":"#ffffff","color_title_hover":"#111111","url_banner":"shopify:\/\/collections\/all"}},"template--19677460660497__7a84b7ff-b551-4993-a172-f74f3f80508d-168852298306017626-2":{"type":"colection","settings":{"img_banner":"shopify:\/\/shop_images\/s6.jpg","title_banner":"Soccer Shoes","color_title":"#ffffff","color_title_hover":"#111111","url_banner":"shopify:\/\/collections\/all"}},"template--19677460660497__7a84b7ff-b551-4993-a172-f74f3f80508d-168852298306017626-3":{"type":"colection","settings":{"img_banner":"shopify:\/\/shop_images\/s5.jpg","title_banner":"Sport Shoes","color_title":"#ffffff","color_title_hover":"#111111","url_banner":"shopify:\/\/collections\/all"}}},"block_order":["template--19677460660497__7a84b7ff-b551-4993-a172-f74f3f80508d-168852298306017626-0","template--19677460660497__7a84b7ff-b551-4993-a172-f74f3f80508d-168852298306017626-1","template--19677460660497__7a84b7ff-b551-4993-a172-f74f3f80508d-168852298306017626-2","template--19677460660497__7a84b7ff-b551-4993-a172-f74f3f80508d-168852298306017626-3"],"settings":{"margin_top":"","margin_bottom":""}},"3d314915-6216-48e0-97a8-08778a417f01":{"type":"section-product-v3","settings":{"ena_container":false,"title_heading":"Best Seller","color_title":"#222222","sub_title":"Best Seller Product This Week!","color_sub_title":"#666666","select_collection":"frontpage","products_limit":12,"margin_top":"","margin_bottom":""}},"3ef45671-d786-4bda-9a3e-6cfd24435f60":{"type":"section-banner-v4","settings":{"margin_top":"70","margin_bottom":"","img_banner":"shopify:\/\/shop_images\/ba15.jpg","url_button":"shopify:\/\/collections\/all","img_banner1":"shopify:\/\/shop_images\/ba16.png","title_banner":"Rewards just for shopping!","color_title":"#000000","color_title_hover":"#ffffff","content_banner":"Don’t forget to opt into Fashion News to have your offers and rewards delivered right to your inbox!","color_content_banner":"#000000"}},"c1348009-cc5d-4c6c-affb-c799bc6f455c":{"type":"section-product-v7","settings":{"margin_top":"70","margin_bottom":"","block_title1":"FEATURED PRODUCTS","select_collection1":"frontpage","products_limit1":3,"block_title2":"FEATURED PRODUCTS","select_collection2":"new","products_limit2":3,"banner_img":"shopify:\/\/shop_images\/ba17.jpg","banner_sub_title":"Discover","banner_title":"sport shoes","button_name":"Shop now","button_url":"shopify:\/\/collections\/all"}},"5c3aff9d-df30-40e8-8ead-f6ec152e6cba":{"type":"section-blog-v2","settings":{"bg_section_color":"#fbf3f0","section_title":"Our Blogs","color_title":"#222222","description_title":"A collection of stories about the people andplaces we admire.","color_sub_title":"#666666","select_blog":"news","blogs_limit":3,"enable_category":true,"enable_date":true,"enable_title":true,"enable_excerpt":true,"margin_top":"70","margin_bottom":""}}},"order":["7a84b7ff-b551-4993-a172-f74f3f80508d","3d314915-6216-48e0-97a8-08778a417f01","3ef45671-d786-4bda-9a3e-6cfd24435f60","c1348009-cc5d-4c6c-affb-c799bc6f455c","5c3aff9d-df30-40e8-8ead-f6ec152e6cba"]}